{"cameraMode":{"drawMode":0,"name":"Shaded","section":"Shading Mode"},"sceneLighting":true,"audioPlay":false,"sceneViewState":{"m_AlwaysRefresh":false,"showFog":true,"showSkybox":true,"showFlares":true,"showImageEffects":true,"showParticleSystems":true,"showVisualEffectGraphs":true,"m_FxEnabled":true},"in2DMode":false,"pivot":{"x":0.10160978883504868,"y":0.17377102375030518,"z":-0.15903902053833009},"rotation":{"x":0.06101144850254059,"y":-0.9312448501586914,"z":0.18422792851924897,"w":0.30838829278945925},"size":5.965342998504639,"orthographic":false}